,Home Corsi,Away Corsi,Home RF prediction,Away RF prediction,Home importance,Away importance
CALVIN DE HAAN,0.5027285129604365,0.4187836797536567,0.5174362492777604,0.41266882011234585,0.001147415637270109,0.000990138491139783
JARRET STOLL,0.322463768115942,0.30874999999999997,0.2002440134395994,0.2181265339368431,0.0012861790202661333,0.0009402202510283533
KARL ALZNER,0.44097439100562147,0.41966580976863754,0.4393792357187942,0.39426742380233326,0.0012065592516409956,0.0012294465774514707
KYLE PALMIERI,0.508411214953271,0.51987529228371,0.5930692507222379,0.5508119209481243,0.0008094994856605946,0.0009483295459104948
LUKE GLENDENING,0.3703308431163287,0.3391384051329056,0.3102902133749583,0.3345217774803892,0.0009316073175846328,0.0010108896661760022
MATT NISKANEN,0.5094850948509485,0.47478540772532185,0.5265072588190979,0.45884397056782567,0.000994491349714015,0.001184034906371621
NICK SCHULTZ,0.41283124128312415,0.3943089430894309,0.37914125834766743,0.37836864824534494,0.0011681625904416927,0.0010267739913616435
PAUL GAUSTAD,0.34501845018450183,0.3203125,0.2979555127744471,0.2623668223369295,0.0006329650231071081,0.0007536001745351007
WAYNE SIMMONDS,0.6381015161502966,0.5887384176764077,0.676178128100529,0.5924952604016819,0.001039904975854747,0.0010080250461708975
